date,subject,condition,csv_file,include,valid_xy_data,n_rows,n_leading_dropped,nan_fraction
2025-04-21,MR_2wkCCI,10percent_130Hz_450us,250421_MR_2wkCCI_10percent_130Hz_450us/250421_MR_2wkCCI_10percent_130Hz_450us_DBS2025-04-21T14_11_23.csv,False,,,,
2025-04-21,MR_2wkCCI,10percent_130Hz_450us,250421_MR_2wkCCI_10percent_130Hz_450us/250421_MR_2wkCCI_10percent_130Hz_450us_baseline2025-04-21T13_34_27.csv,False,,,,
2025-04-21,MR_2wkCCI,10percent_130Hz_450us,250421_MR_2wkCCI_10percent_130Hz_450us/250421_MR_2wkCCI_10percent_130Hz_450us_postStim2025-04-21T15_43_36.csv,False,,,,
2025-04-22,F2_2wkCCI,1percent_130Hz_450us,250422_F2_2wkCCI_1percent_130Hz_450us/250422_F2_2wkCCI_1percent_130Hz_450us_DBS2025-04-22T11_28_33.csv,False,,,,
2025-04-22,F2_2wkCCI,1percent_130Hz_450us,250422_F2_2wkCCI_1percent_130Hz_450us/250422_F2_2wkCCI_1percent_130Hz_450us_baseline2025-04-22T10_56_34.csv,False,,,,
2025-04-22,F2_2wkCCI,1percent_130Hz_450us,250422_F2_2wkCCI_1percent_130Hz_450us/250422_F2_2wkCCI_1percent_130Hz_450us_postStim2025-04-22T13_23_47.csv,False,,,,
2025-04-22,F374_2wkCCI,5percent_130Hz_450us,250422_F374_2wkCCI_5percent_130Hz_450us/250422_F374_2wkCCI_5percent_130Hz_450us_DBS2025-04-22T14_42_45.csv,False,,,,
2025-04-22,F374_2wkCCI,5percent_130Hz_450us,250422_F374_2wkCCI_5percent_130Hz_450us/250422_F374_2wkCCI_5percent_130Hz_450us_baseline2025-04-22T14_05_46.csv,False,,,,
2025-04-22,F374_2wkCCI,5percent_130Hz_450us,250422_F374_2wkCCI_5percent_130Hz_450us/250422_F374_2wkCCI_5percent_130Hz_450us_postStim2025-04-22T16_18_05.csv,False,,,,
2025-05-05,MHM2_2L_2wkCCI,15percent_130Hz_450us,250505_MHM2_2L_2wkCCI_15percent_130Hz_450us/250505_MHM2_2L_2wkCCI_15percent_130Hz_450us_DBS2025-05-05T16_39_25.csv,False,,,,
2025-05-05,MHM2_2L_2wkCCI,15percent_130Hz_450us,250505_MHM2_2L_2wkCCI_15percent_130Hz_450us/250505_MHM2_2L_2wkCCI_15percent_130Hz_450us_baseline2025-05-05T16_04_42.csv,False,,,,
2025-05-05,MHM2_2L_2wkCCI,15percent_130Hz_450us,250505_MHM2_2L_2wkCCI_15percent_130Hz_450us/250505_MHM2_2L_2wkCCI_15percent_130Hz_450us_postStim2025-05-05T18_13_17.csv,False,,,,
2025-05-05,ML_4wkCCI,2percent_130Hz_450us,250505_ML_4wkCCI_2percent_130Hz_450us/250505_ML_4wkCCI_2percent_130Hz_450us_DBS2025-05-05T13_43_42.csv,False,,,,
2025-05-05,ML_4wkCCI,2percent_130Hz_450us,250505_ML_4wkCCI_2percent_130Hz_450us/250505_ML_4wkCCI_2percent_130Hz_450us_baseline2025-05-05T13_07_35.csv,False,,,,
2025-05-05,ML_4wkCCI,2percent_130Hz_450us,250505_ML_4wkCCI_2percent_130Hz_450us/250505_ML_4wkCCI_2percent_130Hz_450us_postStim2025-05-05T15_19_08.csv,False,,,,
2025-05-05,MR_4wkCCI,10percent_130Hz_450us,250505_MR_4wkCCI_10percent_130Hz_450us/250505_MR_4wkCCI_10percent_130Hz_450us_DBS2025-05-05T10_54_11.csv,False,,,,
2025-05-05,MR_4wkCCI,10percent_130Hz_450us,250505_MR_4wkCCI_10percent_130Hz_450us/250505_MR_4wkCCI_10percent_130Hz_450us_baseline2025-05-05T10_22_39.csv,False,,,,
2025-05-05,MR_4wkCCI,10percent_130Hz_450us,250505_MR_4wkCCI_10percent_130Hz_450us/250505_MR_4wkCCI_10percent_130Hz_450us_postStim2025-05-05T12_27_20.csv,False,,,,
2025-05-06,F2_4wkCCI,1percent_130Hz_450us,250506_F2_4wkCCI_1percent_130Hz_450us/250506_F2_4wkCCI_1percent_130Hz_450us_DBS2025-05-06T10_33_15.csv,False,,,,
2025-05-06,F2_4wkCCI,1percent_130Hz_450us,250506_F2_4wkCCI_1percent_130Hz_450us/250506_F2_4wkCCI_1percent_130Hz_450us_baseline2025-05-06T10_00_44.csv,False,,,,
2025-05-06,F2_4wkCCI,1percent_130Hz_450us,250506_F2_4wkCCI_1percent_130Hz_450us/250506_F2_4wkCCI_1percent_130Hz_450us_postStim2025-05-06T12_06_07.csv,False,,,,
2025-05-06,F374_4wkCCI,5percent_130Hz_450us,250506_F374_4wkCCI_5percent_130Hz_450us/250506_F374_4wkCCI_5percent_130Hz_450us_DBScsv2025-05-06T13_20_39.csv,False,,,,
2025-05-06,F374_4wkCCI,5percent_130Hz_450us,250506_F374_4wkCCI_5percent_130Hz_450us/250506_F374_4wkCCI_5percent_130Hz_450us_baseline2025-05-06T12_48_48.csv,False,,,,
2025-05-06,F374_4wkCCI,5percent_130Hz_450us,250506_F374_4wkCCI_5percent_130Hz_450us/250506_F374_4wkCCI_5percent_130Hz_450us_postStim2025-05-06T14_54_11.csv,False,,,,
2025-05-06,MHF2_R_2wkCCI,10percent_130Hz_450us,250506_MHF2_R_2wkCCI_10percent_130Hz_450us/250506_MHF2_R_2wkCCI_10percent_130Hz_450us_DBS2025-05-06T16_10_32.csv,False,,,,
2025-05-06,MHF2_R_2wkCCI,10percent_130Hz_450us,250506_MHF2_R_2wkCCI_10percent_130Hz_450us/250506_MHF2_R_2wkCCI_10percent_130Hz_450us_baseline2025-05-06T15_33_57.csv,False,,,,
2025-05-06,MHF2_R_2wkCCI,10percent_130Hz_450us,250506_MHF2_R_2wkCCI_10percent_130Hz_450us/250506_MHF2_R_2wkCCI_10percent_130Hz_450us_postStim2025-05-06T17_43_56.csv,False,,,,
2025-05-07,MHF2_L_2wkCCI,15percent_130Hz_450us,250507_MHF2_L_2wkCCI_15percent_130Hz_450us/250507_MHF2_L_2wkCCI_15percent_130Hz_450us_DBS2025-05-07T13_36_06.csv,False,,,,
2025-05-07,MHF2_L_2wkCCI,15percent_130Hz_450us,250507_MHF2_L_2wkCCI_15percent_130Hz_450us/250507_MHF2_L_2wkCCI_15percent_130Hz_450us_baseline2025-05-07T13_01_35.csv,False,,,,
2025-05-07,MHF2_L_2wkCCI,15percent_130Hz_450us,250507_MHF2_L_2wkCCI_15percent_130Hz_450us/250507_MHF2_L_2wkCCI_15percent_130Hz_450us_postStim2025-05-07T15_07_58.csv,False,,,,
2025-05-12,MHM2_2L_3wkCCI,15percent_130Hz_450us,250512_MHM2_2L_3wkCCI_15percent_130Hz_450us/250512_MHM2_2L_3wkCCI_15percent_130Hz_450us_DBS2025-05-12T15_25_26.csv,False,,,,
2025-05-12,MHM2_2L_3wkCCI,15percent_130Hz_450us,250512_MHM2_2L_3wkCCI_15percent_130Hz_450us/250512_MHM2_2L_3wkCCI_15percent_130Hz_450us_baseline2025-05-12T14_52_39.csv,False,,,,
2025-05-12,MHM2_2L_3wkCCI,15percent_130Hz_450us,250512_MHM2_2L_3wkCCI_15percent_130Hz_450us/250512_MHM2_2L_3wkCCI_15percent_130Hz_450us_postStim2025-05-12T16_58_32.csv,False,,,,
2025-05-13,MHF2_L_3wkCCI,4percent_130Hz_450us,250513_MHF2_L_3wkCCI_4percent_130Hz_450us/250513_MHF2_L_3wkCCI_4percent_130Hz_450us_DBS2025-05-13T15_24_48.csv,False,,,,
2025-05-13,MHF2_L_3wkCCI,4percent_130Hz_450us,250513_MHF2_L_3wkCCI_4percent_130Hz_450us/250513_MHF2_L_3wkCCI_4percent_130Hz_450us_baseline2025-05-13T14_51_46.csv,False,,,,
2025-05-13,MHF2_L_3wkCCI,4percent_130Hz_450us,250513_MHF2_L_3wkCCI_4percent_130Hz_450us/250513_MHF2_L_3wkCCI_4percent_130Hz_450us_postStim2025-05-13T16_59_24.csv,False,,,,
2025-05-13,MHF2_R_3wkCCI,8percent_130Hz_450us,250513_MHF2_R_3wkCCI_8percent_130Hz_450us/250513_MHF2_R_3wkCCI_8percent_130Hz_450us_DBS2025-05-13T12_39_21.csv,False,,,,
2025-05-13,MHF2_R_3wkCCI,8percent_130Hz_450us,250513_MHF2_R_3wkCCI_8percent_130Hz_450us/250513_MHF2_R_3wkCCI_8percent_130Hz_450us_baseline2025-05-13T12_03_17.csv,False,,,,
2025-05-13,MHF2_R_3wkCCI,8percent_130Hz_450us,250513_MHF2_R_3wkCCI_8percent_130Hz_450us/250513_MHF2_R_3wkCCI_8percent_130Hz_450us_postStim2025-05-13T14_14_24.csv,False,,,,
2025-08-29,MHF2_F1,2percent_130Hz_450us,250829_MHF2_F1_active_2percent_130Hz_450us/250829_F1_active_2percent_130Hz_450us_DBS2025-08-29T12_52_50.csv,False,,,,
2025-08-29,MHF2_F1,2percent_130Hz_450us,250829_MHF2_F1_active_2percent_130Hz_450us/250829_F1_active_2percent_130Hz_450us_baseline2025-08-29T12_19_29.csv,False,,,,
2025-08-29,MHF2_F1,2percent_130Hz_450us,250829_MHF2_F1_active_2percent_130Hz_450us/250829_F1_active_2percent_130Hz_450us_washout2025-08-29T14_36_57.csv,False,,,,
2025-08-29,MHF2_F3,2percent_130Hz_450us,250829_MHF2_F3_active_2percent_130Hz_450us/250829_F3_active_percent_130Hz_450us_DBS2025-08-29T16_42_43.csv,False,,,,
2025-08-29,MHF2_F3,2percent_130Hz_450us,250829_MHF2_F3_active_2percent_130Hz_450us/250829_F3_active_percent_130Hz_450us_baseline2025-08-29T16_08_47.csv,False,,,,
2025-08-29,MHF2_F3,2percent_130Hz_450us,250829_MHF2_F3_active_2percent_130Hz_450us/250829_F3_active_percent_130Hz_450us_washout2025-08-29T18_26_50.csv,False,,,,
2025-08-31,MHF2_F1,sham,250831_MHF2_F1_sham/250831_F1_sham_baseline2025-08-31T13_19_58.csv,False,,,,
2025-08-31,MHF2_F1,sham,250831_MHF2_F1_sham/250831_F1_sham_shamStim2025-08-31T13_54_26.csv,False,,,,
2025-08-31,MHF2_F1,sham,250831_MHF2_F1_sham/250831_F1_sham_washout2025-08-31T15_38_59.csv,False,,,,
2025-08-31,MHF2_F3,sham,250831_MHF2_F3_sham/250831_F3_sham_baseline2025-08-31T16_55_00.csv,False,,,,
2025-08-31,MHF2_F3,sham,250831_MHF2_F3_sham/250831_F3_sham_shamStim2025-08-31T17_28_11.csv,False,,,,
2025-08-31,MHF2_F3,sham,250831_MHF2_F3_sham/250831_F3_sham_washout2025-08-31T19_11_17.csv,False,,,,
2025-09-01,excludeButMaybeTrain_MHM2_M2L,2percent_130Hz_450us,250901_excludeButMaybeTrain_MHM2_M2L_active_2percent_130Hz_450us/250901_MHM2_M2L_baseline2025-09-01T14_08_11.csv,False,,,,
2025-09-01,excludeButMaybeTrain_MHM2_M2L,2percent_130Hz_450us,250901_excludeButMaybeTrain_MHM2_M2L_active_2percent_130Hz_450us/250901_MHM2_M2L_dbs2025-09-01T15_00_15.csv,False,,,,
2025-09-01,excludeButMaybeTrain_MHM2_M2L,2percent_130Hz_450us,250901_excludeButMaybeTrain_MHM2_M2L_active_2percent_130Hz_450us/250901_MHM2_M2L_washout2025-09-01T16_43_54.csv,False,,,,
2025-09-02,2398_M1,sham,250902_2398_M1_sham/250902_2398_M1_sham_baseline2025-09-02T12_30_00.csv,False,,,,
2025-09-02,2398_M1,sham,250902_2398_M1_sham/250902_2398_M1_sham_shamStim2025-09-02T13_04_47.csv,False,,,,
2025-09-02,2398_M1,sham,250902_2398_M1_sham/250902_2398_M1_sham_washout2025-09-02T14_50_18.csv,False,,,,
2025-09-02,2398_M3,sham,250902_2398_M3_sham/250902_2398_M3_sham_baseline2025-09-02T17_27_52.csv,False,,,,
2025-09-02,2398_M3,sham,250902_2398_M3_sham/250902_2398_M3_sham_shamStim2025-09-02T18_04_06.csv,False,,,,
2025-09-02,2398_M3,sham,250902_2398_M3_sham/250902_2398_M3_sham_washout2025-09-02T19_48_26.csv,False,,,,
2025-09-03,2398_M1,4percent_130Hz_450us,250903_2398_M1_active_4percent_130Hz_450us/250903_2398_M1_active_4percent_130Hz_450us_baseline2025-09-03T12_24_44.csv,False,,,,
2025-09-03,2398_M1,4percent_130Hz_450us,250903_2398_M1_active_4percent_130Hz_450us/250903_2398_M1_active_4percent_130Hz_450us_dbs2025-09-03T12_57_29.csv,False,,,,
2025-09-03,2398_M1,4percent_130Hz_450us,250903_2398_M1_active_4percent_130Hz_450us/250903_2398_M1_active_4percent_130Hz_450us_washout2025-09-03T14_40_11.csv,False,,,,
2025-09-03,2398_M3,1percent_130Hz_450us,250903_2398_M3_active_1percent_130Hz_450us/250903_2398_M3_active_1percent_130Hz_450us_baseline2025-09-03T15_55_31.csv,False,,,,
2025-09-03,2398_M3,1percent_130Hz_450us,250903_2398_M3_active_1percent_130Hz_450us/250903_2398_M3_active_1percent_130Hz_450us_dbs2025-09-03T16_30_13.csv,False,,,,
2025-09-03,2398_M3,1percent_130Hz_450us,250903_2398_M3_active_1percent_130Hz_450us/250903_2398_M3_active_1percent_130Hz_450us_washout2025-09-03T18_12_11.csv,False,,,,
2025-09-11,12L1_F374,sham,250911_12L1_F374_sham/250911_12L1_F374_sham_baseline2025-09-11T14_00_57.csv,False,,,,
2025-09-11,12L1_F374,sham,250911_12L1_F374_sham/250911_12L1_F374_sham_shamStim2025-09-11T14_32_31.csv,False,,,,
2025-09-11,12L1_F374,sham,250911_12L1_F374_sham/250911_12L1_F374_sham_washout2025-09-11T16_14_38.csv,False,,,,
2025-09-11,63690_F2R,sham,250911_63690_F2R_sham/250911_6390_F2R_sham_baseline2025-09-11T10_29_38.csv,False,,,,
2025-09-11,63690_F2R,sham,250911_63690_F2R_sham/250911_6390_F2R_sham_shamStim2025-09-11T11_02_28.csv,False,,,,
2025-09-11,63690_F2R,sham,250911_63690_F2R_sham/250911_6390_F2R_sham_washout2025-09-11T12_44_34.csv,False,,,,
2025-09-12,12L1_F374,1percent_130Hz_450us,250912_12L1_F374_active_1percent_130Hz_450us/250912_12L1_F374_active_1percent_130Hz_450us_baseline2025-09-12T14_32_04.csv,False,,,,
2025-09-12,12L1_F374,1percent_130Hz_450us,250912_12L1_F374_active_1percent_130Hz_450us/250912_12L1_F374_active_1percent_130Hz_450us_dbs2025-09-12T15_08_42.csv,False,,,,
2025-09-12,12L1_F374,1percent_130Hz_450us,250912_12L1_F374_active_1percent_130Hz_450us/250912_12L1_F374_active_1percent_130Hz_450us_washout2025-09-12T16_52_26.csv,False,,,,
2025-09-12,63690_F2R,1percent_130Hz_450us,250912_63690_F2R_active_1percent_130Hz_450us/250912_63690_F2R_active_1percent_130Hz_450us_DBS2025-09-12T11_33_37.csv,False,,,,
2025-09-12,63690_F2R,1percent_130Hz_450us,250912_63690_F2R_active_1percent_130Hz_450us/250912_63690_F2R_active_1percent_130Hz_450us_baseline2025-09-12T10_51_16.csv,False,,,,
2025-09-12,63690_F2R,1percent_130Hz_450us,250912_63690_F2R_active_1percent_130Hz_450us/250912_63690_F2R_active_1percent_130Hz_450us_washout2025-09-12T13_15_10.csv,False,,,,
2025-09-13,MHM2_M2L,2percent_130Hz_450us,250913_MHM2_M2L_active_2percent_130Hz_450us/250913_MHM2_M2L_active_2percent_130Hz_450us_baseline2025-09-13T11_31_27.csv,False,,,,
2025-09-13,MHM2_M2L,2percent_130Hz_450us,250913_MHM2_M2L_active_2percent_130Hz_450us/250913_MHM2_M2L_active_2percent_130Hz_450us_dbs2025-09-13T12_05_30.csv,False,,,,
2025-09-13,MHM2_M2L,2percent_130Hz_450us,250913_MHM2_M2L_active_2percent_130Hz_450us/250913_MHM2_M2L_active_2percent_130Hz_450us_washout2025-09-13T13_48_24.csv,False,,,,
2025-09-14,MHM2_M2L,sham,250914_MHM2_M2L_sham/250914_MHM2_M2L_sham_baseline2025-09-14T14_37_39.csv,False,,,,
2025-09-14,MHM2_M2L,sham,250914_MHM2_M2L_sham/250914_MHM2_M2L_sham_baseline_22025-09-14T15_11_57.csv,False,,,,
2025-09-14,MHM2_M2L,sham,250914_MHM2_M2L_sham/250914_MHM2_M2L_sham_shamStim2025-09-14T15_44_03.csv,False,,,,
2025-09-14,MHM2_M2L,sham,250914_MHM2_M2L_sham/250914_MHM2_M2L_sham_washout2025-09-14T17_26_42.csv,False,,,,
2025-12-18,FED1B_F1R,sham,251218_FED1B_F1R_sham/251218_FED1B_F1R_sham2025-12-18T12_05_19.csv,True,True,46237,105,0.0000
2025-12-18,FED1B_F2R,5percent_450us_130Hz,251218_FED1B_F2R_active_5percent_450us_130Hz/251218_FED1B_F2R_active_5percent_450us_130Hz2025-12-18T11_22_40.csv,False,,,,
2025-12-18,FED1C_M1R,sham,251218_FED1C_M1R_sham/251218_FED1C_M1R_sham2025-12-18T15_07_00.csv,True,True,48718,64,0.0017
2025-12-18,FED1C_M2R,15percent_450us_130Hz,251218_FED1C_M2R_active_15percent_450us_130Hz/251218_FED1C_M2R_active_15percent_450us_130Hz2025-12-18T16_22_53.csv,False,,,,
2025-12-18,FED1C_MLR,sham,251218_FED1C_MLR_sham/251218_FED1C_MLR_sham2025-12-18T15_42_34.csv,True,True,49832,187,0.0000
2025-12-18,FED2A_M1L,sham,251218_FED2A_M1L_sham/251218_FED2A_M1L_sham2025-12-18T17_00_18.csv,True,True,51681,162,0.0000
2025-12-18,FED2A_M1R,85percent_450us_130Hz,251218_FED2A_M1R_active_85percent_450us_130Hz/251218_FED2A_M1R_active_85percent_450us_130Hz2025-12-18T17_40_51.csv,True,True,48571,117,0.0000
2025-12-18,FED2_F1L,sham,251218_FED2_F1L_sham/251218_FED2_F1L_sham2025-12-18T12_39_12.csv,True,True,48775,141,0.0000
2025-12-18,FED2_F1R,85percent_450us_130Hz,251218_FED2_F1R_active_85percent_450us_130Hz/251218_FED2_F1R_active_85percent_450us_130Hz2025-12-18T13_15_07.csv,True,True,59332,159,0.0000
2025-12-18,FED2_F2R,75percent_450us_130Hz,251218_FED2_F2R_active_75percent_450us_130Hz/251218_FED2_F2R_active_75percent_450us_130Hz2025-12-18T13_58_16.csv,True,True,48132,200,0.0001
2025-12-23,FED1B_F1R,50percent_450us_130Hz,251223_FED1B_F1R_active_50percent_450us_130Hz/251223_FED1B_F1R_active_50percent_450us_130Hz2025-12-23T11_45_30.csv,True,True,47317,142,0.0000
2025-12-23,FED1B_F2R,sham,251223_FED1B_F2R_sham/251223_FED1B_F2R_sham2025-12-23T11_08_52.csv,True,True,49521,85,0.0000
2025-12-23,FED1C_M1R,75percent_450us_130Hz,251223_FED1C_M1R_active_75percent_450us_130Hz/251223_FED1C_M1R_active_75percent_450us_130Hz2025-12-23T16_11_57.csv,True,True,51876,114,0.0000
2025-12-23,FED1C_M2R,sham,251223_FED1C_M2R_sham/251223_FED1C_M2R_sham2025-12-23T14_56_47.csv,True,True,48170,102,0.0000
2025-12-23,FED1C_MLR,10percent_450us_130Hz,251223_FED1C_MLR_active_10percent_450us_130Hz/251223_FED1C_MLR_active_10percent_450us_130Hz2025-12-23T15_36_40.csv,False,,,,
2025-12-23,FED2A_M1L,85percent_450us_130Hz,251223_FED2A_M1L_active_85percent_450us_130Hz/251223_FED2A_M1L_active_85percent_450us_130Hz2025-12-23T17_27_13.csv,True,True,45018,144,0.0000
2025-12-23,FED2A_M1R,sham,251223_FED2A_M1R_sham/251223_FED2A_M1R_sham2025-12-23T16_51_48.csv,True,True,46658,40,0.0022
2025-12-23,FED2_F1L,60percent_450us_130Hz,251223_FED2_F1L_active_60percent_450us_130Hz/251223_FED2_F1L_active_60percent_450us_130Hz2025-12-23T13_44_05.csv,True,True,46165,84,0.0000
2025-12-23,FED2_F1R,sham,251223_FED2_F1R_sham/251223_FED2_F1R_sham2025-12-23T12_26_31.csv,True,True,46288,175,0.0000
2025-12-23,FED2_F2R,sham,251223_FED2_F2R_sham/251223_FED2_F2R_sham2025-12-23T13_01_21.csv,True,True,50414,155,0.0000
2026-01-21,FED1B_F1R,sham,260121_FED1B_F1R_sham/260121_FED1B_F1R_sham2026-01-21T12_46_05.csv,True,True,45982,0,0.0000
2026-01-21,FED1B_F2R,2percent_450us_130Hz,260121_FED1B_F2R_active_2percent_450us_130Hz/260121_FED1B_F2R_active_2percent_450us_130Hz2026-01-21T13_23_33.csv,False,,,,
2026-01-21,FED1C_M1R,sham,260121_FED1C_M1R_sham/260121_FED1C_M1R_sham2026-01-21T16_32_12.csv,True,True,50811,2,0.0014
2026-01-21,FED1C_M2R,35percent_450us_130Hz,260121_FED1C_M2R_active_35percent_450us_130Hz/260121_FED1C_M2R_active_35percent_450us_130Hz2026-01-21T17_10_11.csv,False,,,,
2026-01-21,FED1C_MLR,sham,260121_FED1C_MLR_sham/260121_FED1C_MLR_sham2026-01-21T17_45_53.csv,True,True,50550,0,0.0003
2026-01-21,FED2A_M1L,sham,260121_FED2A_M1L_sham/260121_FED2A_M1L_sham2026-01-21T19_03_52.csv,True,True,53164,146,0.0000
2026-01-21,FED2A_M1R,10percent_450us_130Hz,260121_FED2A_M1R_active_10percent_450us_130Hz/260121_FED2A_M1R_active_10percent_450us_130Hz2026-01-21T18_27_15.csv,False,,,,
2026-01-21,FED2_F1L,sham,260121_FED2_F1L_sham/260121_FED2_F1L_sham2026-01-21T14_00_17.csv,True,True,48164,0,0.0000
2026-01-21,FED2_F1R,50percent_450us_130Hz,260121_FED2_F1R_active_50percent_450us_130Hz/260121_FED2_F1R_active_50percent_450us_130Hz2026-01-21T14_42_28.csv,True,True,47053,7,0.0000
2026-01-21,FED2_F2R,75percent_450us_130Hz,260121_FED2_F2R_active_75percent_450us_130Hz/260121_FED2_F2R_active_75percent_450us_130Hz2026-01-21T15_24_35.csv,True,True,48138,0,0.0000
2026-01-28,FED1B_F1R,25percent_450us_130Hz,260128_FED1B_F1R_active_25percent_450us_130Hz/260128_FED1B_F1R_active_25percent_450us_130Hz2026-01-28T12_17_31.csv,False,,,,
2026-01-28,FED1B_F2R,sham,260128_FED1B_F2R_sham/260128_FED1B_F2R_sham2026-01-28T12_51_51.csv,True,True,47244,7,0.0005
2026-01-28,FED1C_M1R,20percent_450us_130Hz,260128_FED1C_M1R_active_20percent_450us_130Hz/260128_FED1C_M1R_active_20percent_450us_130Hz2026-01-28T15_39_28.csv,False,,,,
2026-01-28,FED1C_M2R,sham,260128_FED1C_M2R_sham/260128_FED1C_M2R_sham2026-01-28T16_50_31.csv,True,True,47666,0,0.0000
2026-01-28,FED1C_MLR,6percent_450us_130Hz,260128_FED1C_MLR_active_6percent_450us_130Hz/260128_FED1C_MLR_active_6percent_450us_130Hz2026-01-28T16_16_20.csv,False,,,,
2026-01-28,FED2A_M1L,35percent_450us_130Hz,260128_FED2A_M1L_active_35percent_450us_130Hz/260128_FED2A_M1L_active_35percent_450us_130Hz2026-01-28T17_25_42.csv,False,,,,
2026-01-28,FED2A_M1R,sham,260128_FED2A_M1R_sham/260128_FED2A_M1R_sham2026-01-28T18_00_35.csv,True,True,47092,0,0.0000
2026-01-28,FED2_F1L,30percent_450us_130Hz,260128_FED2_F1L_active_30percent_450us_130Hz/260128_FED2_F1L_active_30percent_450us_130Hz2026-01-28T13_28_51.csv,False,,,,
2026-01-28,FED2_F1R,sham,260128_FED2_F1R_sham/260128_FED2_F1R_sham2026-01-28T14_04_22.csv,True,True,46567,8,0.0012
2026-01-28,FED2_F2R,sham,260128_FED2_F2R_sham/260128_FED2_F2R_sham2026-01-28T14_38_19.csv,True,True,48217,80,0.0000
