date,subject,condition,group,n_frames,n_inpainted,duration_min,total_distance_px,distance_px_per_min
2025-12-18,FED1B_F1R,sham,sham,46132,0,30.871,223665.7,7245.14
2025-12-18,FED1C_M1R,sham,sham,48654,81,32.699,355980.9,10886.59
2025-12-18,FED1C_MLR,sham,sham,49645,0,32.817,360377.0,10981.40
2025-12-18,FED2A_M1L,sham,sham,51519,0,33.873,389937.6,11511.72
2025-12-18,FED2A_M1R,85percent_450us_130Hz,stim,48454,2,33.096,251591.6,7601.97
2025-12-18,FED2_F1L,sham,sham,48634,0,32.589,296061.3,9084.80
2025-12-18,FED2_F1R,85percent_450us_130Hz,stim,59173,1,38.071,399154.4,10484.43
2025-12-18,FED2_F2R,75percent_450us_130Hz,stim,47932,5,32.674,267351.7,8182.37
2025-12-23,FED1B_F1R,50percent_450us_130Hz,stim,47175,0,31.337,371670.8,11860.40
2025-12-23,FED1B_F2R,sham,sham,49436,0,32.523,319895.4,9836.12
2025-12-23,FED1C_M1R,75percent_450us_130Hz,stim,51762,0,36.487,354027.3,9702.87
2025-12-23,FED1C_M2R,sham,sham,48068,0,32.565,293248.5,9005.05
2025-12-23,FED2A_M1L,85percent_450us_130Hz,stim,44874,0,30.914,285424.8,9232.88
2025-12-23,FED2A_M1R,sham,sham,46618,104,31.462,335305.7,10657.43
2025-12-23,FED2_F1L,60percent_450us_130Hz,stim,46081,0,31.424,314641.4,10012.71
2025-12-23,FED2_F1R,sham,sham,46113,0,32.109,309212.8,9630.06
2025-12-23,FED2_F2R,sham,sham,50259,0,33.161,292999.2,8835.75
2026-01-21,FED1B_F1R,sham,sham,45982,0,31.321,325766.3,10400.73
2026-01-21,FED1C_M1R,sham,sham,50809,69,32.871,404429.0,12303.55
2026-01-21,FED1C_MLR,sham,sham,50550,17,33.322,381075.7,11436.14
2026-01-21,FED2A_M1L,sham,sham,53018,0,34.278,340634.9,9937.41
2026-01-21,FED2_F1L,sham,sham,48164,0,31.799,344049.4,10819.48
2026-01-21,FED2_F1R,50percent_450us_130Hz,stim,47046,1,31.994,399834.2,12497.02
2026-01-21,FED2_F2R,75percent_450us_130Hz,stim,48138,2,32.596,351305.0,10777.44
2026-01-28,FED1B_F2R,sham,sham,47237,22,31.768,315506.2,9931.61
2026-01-28,FED1C_M2R,sham,sham,47666,0,30.923,316291.6,10228.34
2026-01-28,FED2A_M1R,sham,sham,47092,0,32.748,343751.2,10497.00
2026-01-28,FED2_F1R,sham,sham,46559,54,32.196,359667.5,11171.07
2026-01-28,FED2_F2R,sham,sham,48137,0,30.994,283040.1,9131.99
